Label,# Samples,Average,Median,90% Line,95% Line,99% Line,Min,Max,Error %,Throughput,Received KB/sec,Sent KB/sec
基准测试:13_hash请求,3000,799,470,1327,2102,6638,125,25981,0.000%,75.73463,311.17,220.03
TOTAL,3000,799,470,1327,2102,6638,125,25981,0.000%,75.73463,311.17,220.03
